job_id,method,approximation,state,shots,noise_factors,commuting_groups,experiments,backend_str,mode
d2agiguaa61s73ebckdg,aqc,low,300,10000,"[1.0, 1.3333333333333333, 1.6666666666666665, 2.0, 2.333333333333333, 2.6666666666666665, 3.0]",910,63_700_000,ibm_pittsburgh,batch
d2eu81736hfc738rikt0,aqc,low,300,10000,"[1.0, 1.3333333333333333, 1.6666666666666665, 2.0, 2.333333333333333, 2.6666666666666665, 3.0]",910,63_700_000,ibm_pittsburgh,batch
d2hianlv7m7s73eao5sg,aqc,low,300,10000,"[1.0, 1.3333333333333333, 1.6666666666666665, 2.0, 2.333333333333333, 2.6666666666666665, 3.0]",910,63_700_000,ibm_pittsburgh,job
d2of8jr7d31s73ad6a60,aqc,low,300,2000,"[1.0, 1.3333333333333335, 1.6666666666666667, 2.0, 2.3333333333333335]",910,9100000,ibm_pittsburgh,job
d2of8tc94j0s73a2p7r0,aqc,low,030,2000,"[1.0, 1.3333333333333335, 1.6666666666666667, 2.0, 2.3333333333333335]",567,5670000,ibm_pittsburgh,job
